Symbol,Name,Country,IPOYear,Sector,Industry,MarketCap,MarketCapDate
AA,Alcoa Corporation Common Stock,NULL,2016,Industrials,Metal Fabrications,10675889946,2022-06-09
AAL,American Airlines Group Inc. Common Stock,United States,NULL,Consumer Discretionary,Air Freight/Delivery Services,10229858856,2022-06-09
AAPL,Apple Inc. Common Stock,United States,1980,Technology,Computer Manufacturing,2530211399600,2022-06-09
ABBV,AbbVie Inc. Common Stock,United States,2012,Health Care,Other Pharmaceuticals,263264060165,2022-06-09
ABC,AmerisourceBergen Corporation Common Stock,United States,NULL,Health Care,Other Pharmaceuticals,30611076267,2022-06-09
ABEV,Ambev S.A. American Depositary Shares (Each representing 1 Common Share),NULL,2013,Consumer Staples,Beverages (Production/Distribution),43519261883,2022-06-09
ABNB,Airbnb Inc. Class A Common Stock,United States,2020,Consumer Discretionary,Hotels/Resorts,70067937337,2022-06-09
ABT,Abbott Laboratories Common Stock,United States,NULL,Health Care,Medical/Dental Instruments,201402136792,2022-06-09
ACC,American Campus Communities Inc Common Stock,United States,2004,Real Estate,Real Estate Investment Trusts,9048264286,2022-06-09
ACN,Accenture plc Class A Ordinary Shares (Ireland),Ireland,2001,Consumer Discretionary,Business Services,190887979808,2022-06-09
ADBE,Adobe Inc. Common Stock,United States,1986,Technology,Computer Software: Prepackaged Software,204876000000,2022-06-09
ADI,Analog Devices Inc. Common Stock,United States,NULL,Technology,Semiconductors,85962921881,2022-06-09
ADM,Archer-Daniels-Midland Company Common Stock,United States,NULL,NULL,NULL,49169406341,2022-06-09
ADP,Automatic Data Processing Inc. Common Stock,United States,NULL,Consumer Discretionary,Business Services,91979567927,2022-06-09
ADSK,Autodesk Inc. Common Stock,United States,NULL,Technology,Computer Software: Prepackaged Software,43343632175,2022-06-09
AEP,American Electric Power Company Inc. Common Stock,United States,NULL,Utilities,Electric Utilities: Central,51611189688,2022-06-09
AFRM,Affirm Holdings Inc. Class A Common Stock,United States,2021,Technology,EDP Services,6050841545,2022-06-09
AGCO,AGCO Corporation Common Stock,United States,NULL,Industrials,Industrial Machinery/Components,9232981072,2022-06-09
AGNC,AGNC Investment Corp. Common Stock,United States,2008,Real Estate,Real Estate Investment Trusts,6437848531,2022-06-09
AIG,American International Group Inc. New Common Stock,United States,NULL,Finance,Life Insurance,49020814265,2022-06-09
ALB,Albemarle Corporation Common Stock,United States,NULL,Industrials,Major Chemicals,28867107451,2022-06-09
ALGN,Align Technology Inc. Common Stock,United States,2001,Health Care,Industrial Specialties,21240459083,2022-06-09
ALL,Allstate Corporation (The) Common Stock,United States,NULL,Finance,Property-Casualty Insurers,35912779539,2022-06-09
ALNY,Alnylam Pharmaceuticals Inc. Common Stock,United States,2004,Health Care,Biotechnology: Pharmaceutical Preparations,16420978939,2022-06-09
AMAT,Applied Materials Inc. Common Stock,United States,1972,Technology,Semiconductors,96163972000,2022-06-09
AMC,AMC Entertainment Holdings Inc. Class A Common Stock,NULL,2013,Consumer Discretionary,Movies/Entertainment,6599798998,2022-06-09
AMD,Advanced Micro Devices Inc. Common Stock,United States,NULL,Technology,Semiconductors,164331315176,2022-06-09
AMGN,Amgen Inc. Common Stock,United States,1983,Health Care,Biotechnology: Pharmaceutical Preparations,131162109549,2022-06-09
AMR,Alpha Metallurgical Resources Inc. Common Stock,United States,2018,Energy,Coal Mining,3137455456,2022-06-09
AMT,American Tower Corporation (REIT) Common Stock,United States,NULL,Finance,Trusts Except Educational Religious and Charitable,123496439847,2022-06-09
AMZN,Amazon.com Inc. Common Stock,United States,1997,Consumer Discretionary,Catalog/Specialty Distribution,1217969979776,2022-06-09
ANET,Arista Networks Inc. Common Stock,NULL,2014,Technology,Computer peripheral equipment,31174691598,2022-06-09
ANTM,Anthem Inc. Common Stock,United States,NULL,Health Care,Medical Specialities,119103113863,2022-06-09
AON,Aon plc Class A Ordinary Shares (Ireland),United States,NULL,Finance,Specialty Insurers,56271114835,2022-06-09
APA,APA Corporation Common Stock,United States,NULL,Energy,Oil & Gas Production,17266764633,2022-06-09
APD,Air Products and Chemicals Inc. Common Stock,United States,NULL,Industrials,Specialty Chemicals,56878205176,2022-06-09
AR,Antero Resources Corporation Common Stock,NULL,2013,Energy,Oil & Gas Production,14477902741,2022-06-09
ARCH,Arch Resources Inc. Class A Common Stock,United States,2016,Energy,Coal Mining,2594005536,2022-06-09
ARE,Alexandria Real Estate Equities Inc. Common Stock,United States,NULL,Real Estate,Real Estate Investment Trusts,25192683328,2022-06-09
ASML,ASML Holding N.V. New York Registry Shares,Netherlands,1995,Technology,Industrial Machinery/Components,223234542376,2022-06-09
ATVI,Activision Blizzard Inc. Common Stock,United States,NULL,Consumer Discretionary,Recreational Games/Products/Toys,60517625933,2022-06-09
AUY,Yamana Gold Inc. Ordinary Shares (Canada),Canada,NULL,NULL,NULL,5266493720,2022-06-09
AVGO,Broadcom Inc. Common Stock,United States,2009,Technology,Semiconductors,240276356000,2022-06-09
AXP,American Express Company Common Stock,United States,NULL,Finance,Finance: Consumer Services,123878415731,2022-06-09
AZN,AstraZeneca PLC American Depositary Shares,United Kingdom,NULL,Health Care,Biotechnology: Pharmaceutical Preparations,196333421247,2022-06-09
AZO,AutoZone Inc. Common Stock,United States,NULL,NULL,NULL,41626602160,2022-06-09
BA,Boeing Company (The) Common Stock,United States,NULL,Industrials,Aerospace,80271079096,2022-06-09
BABA,Alibaba Group Holding Limited American Depositary Shares each representing eight Ordinary share,China,2014,Consumer Discretionary,Catalog/Specialty Distribution,297624780000,2022-06-09
BAC,Bank of America Corporation Common Stock,United States,NULL,Finance,Major Banks,301738158006,2022-06-09
BALL,Ball Corporation Common Stock,United States,NULL,Industrials,Containers/Packaging,22736989724,2022-06-09
BAX,Baxter International Inc. Common Stock,United States,NULL,Health Care,Medical/Dental Instruments,36546111449,2022-06-09
BBD,Banco Bradesco Sa American Depositary Shares,Brazil,NULL,Finance,Commercial Banks,42101027711,2022-06-09
BBWI,Bath & Body Works Inc.,United States,NULL,Consumer Discretionary,Clothing/Shoe/Accessory Stores,8242485905,2022-06-09
BBY,Best Buy Co. Inc. Common Stock,United States,NULL,Consumer Discretionary,Consumer Electronics/Video Chains,17194985401,2022-06-09
BCE,BCE Inc. Common Stock,Canada,NULL,NULL,NULL,48942232700,2022-06-09
BDX,Becton Dickinson and Company Common Stock,United States,NULL,Health Care,Medical/Dental Instruments,72075740796,2022-06-09
BEKE,KE Holdings Inc American Depositary Shares (each representing three Class A Ordinary Shares),China,2020,Finance,Real Estate,19200019308,2022-06-09
BG,Bunge Limited Bunge Limited,United States,2001,Consumer Staples,Farming/Seeds/Milling,16960584963,2022-06-09
BHP,BHP Group Limited American Depositary Shares (Each representing two Ordinary Shares),Australia,NULL,Basic Materials,Metal Mining,167587956089,2022-06-09
BIDU,Baidu Inc. ADS,China,2005,Technology,Computer Software: Programming Data Processing,50419275352,2022-06-09
BIIB,Biogen Inc. Common Stock,United States,NULL,Health Care,Biotechnology: Pharmaceutical Preparations,29920146256,2022-06-09
BILI,Bilibili Inc. American Depositary Shares,China,2018,Technology,EDP Services,9749490492,2022-06-09
BILL,Bill.com Holdings Inc. Common Stock,NULL,2019,Technology,Computer Software: Prepackaged Software,13551174244,2022-06-09
BK,The Bank of New York Mellon Corporation Common Stock,United States,NULL,Finance,Investment Managers,36189361286,2022-06-09
BKNG,Booking Holdings Inc. Common Stock,United States,NULL,Consumer Discretionary,Other Consumer Services,93433895033,2022-06-09
BKR,Baker Hughes Company Class A Common Stock,United States,NULL,Energy,Oilfield Services/Equipment,36114249991,2022-06-09
BLDR,Builders FirstSource Inc. Common Stock,United States,2005,Consumer Discretionary,RETAIL: Building Materials,11468054340,2022-06-09
BLK,BlackRock Inc. Common Stock,United States,1999,Finance,Investment Bankers/Brokers/Service,101166298526,2022-06-09
BMY,Bristol-Myers Squibb Company Common Stock,United States,NULL,Health Care,Biotechnology: Pharmaceutical Preparations,163522781334,2022-06-09
BNTX,BioNTech SE American Depositary Share,Germany,2019,Health Care,Biotechnology: Biological Products (No Diagnostic Substances),36898822661,2022-06-09
BP,BP p.l.c. Common Stock,United Kingdom,NULL,Energy,Integrated oil Companies,109557791270,2022-06-09
BPMC,Blueprint Medicines Corporation Common Stock,United States,2015,Health Care,Biotechnology: Pharmaceutical Preparations,3452708904,2022-06-09
BSX,Boston Scientific Corporation Common Stock,United States,NULL,Health Care,Medical/Dental Instruments,55302961833,2022-06-09
BTI,British American Tobacco  Industries p.l.c. Common Stock ADR,United Kingdom,1998,Consumer Discretionary,Farming/Seeds/Milling,99132246814,2022-06-09
BTU,Peabody Energy Corporation Common Stock,United States,2017,Energy,Coal Mining,3853840000,2022-06-09
BX,Blackstone Inc. Common Stock,United States,2007,Finance,Investment Managers,83846502835,2022-06-09
BYND,Beyond Meat Inc. Common Stock,United States,2019,Consumer Staples,Specialty Foods,1451309010,2022-06-09
BZ,KANZHUN LIMITED American Depository Shares,China,2021,NULL,NULL,10453898100,2022-06-09
C,Citigroup Inc. Common Stock,United States,NULL,Finance,Major Banks,98562177109,2022-06-09
CAT,Caterpillar Inc. Common Stock,United States,NULL,Industrials,Construction/Ag Equipment/Trucks,121075992205,2022-06-09
CB,Chubb Limited  Common Stock,Switzerland,NULL,Finance,Property-Casualty Insurers,89229377198,2022-06-09
CCI,Crown Castle International Corp. (REIT) Common Stock,United States,NULL,Real Estate,Real Estate Investment Trusts,79550084591,2022-06-09
CCJ,Cameco Corporation Common Stock,Canada,1996,NULL,NULL,10573616947,2022-06-09
CCL,Carnival Corporation Common Stock,United States,1987,Consumer Discretionary,Marine Transportation,14033520581,2022-06-09
CDNS,Cadence Design Systems Inc. Common Stock,United States,NULL,Technology,Computer Software: Prepackaged Software,43688498370,2022-06-09
CF,CF Industries Holdings Inc. Common Stock,United States,2005,Industrials,Agricultural Chemicals,18727219413,2022-06-09
CFG,Citizens Financial Group Inc. Common Stock,United States,2014,Finance,Major Banks,19708843193,2022-06-09
CHK,Chesapeake Energy Corporation Common Stock,United States,NULL,Energy,Oil & Gas Production,12489635445,2022-06-09
CHPT,ChargePoint Holdings Inc. Common Stock,United States,2019,Miscellaneous,Diversified Commercial Services,5216263183,2022-06-09
CHTR,Charter Communications Inc. Class A Common Stock New,United States,NULL,Consumer Discretionary,Telecommunications Equipment,100074807039,2022-06-09
CHWY,Chewy Inc. Class A Common Stock,NULL,2019,Consumer Discretionary,Catalog/Specialty Distribution,12979928533,2022-06-09
CI,Cigna Corporation Common Stock,United States,NULL,Health Care,Medical Specialities,83008253247,2022-06-09
CL,Colgate-Palmolive Company Common Stock,United States,NULL,Consumer Discretionary,Package Goods/Cosmetics,65451639466,2022-06-09
CLF,Cleveland-Cliffs Inc. Common Stock,United States,NULL,NULL,NULL,11019481074,2022-06-09
CLX,Clorox Company (The) Common Stock,United States,NULL,Consumer Discretionary,Specialty Chemicals,16486565062,2022-06-09
CMCSA,Comcast Corporation Class A Common Stock,United States,NULL,Consumer Discretionary,Telecommunications Equipment,191431030139,2022-06-09
CME,CME Group Inc. Class A Common Stock,United States,2002,Finance,Investment Bankers/Brokers/Service,72069357558,2022-06-09
CMG,Chipotle Mexican Grill Inc. Common Stock,United States,2006,Consumer Discretionary,Restaurants,38690520800,2022-06-09
CMI,Cummins Inc. Common Stock,United States,NULL,Industrials,Construction/Ag Equipment/Trucks,30134260777,2022-06-09
CMS,CMS Energy Corporation Common Stock,United States,NULL,Utilities,Power Generation,20137861039,2022-06-09
CNC,Centene Corporation Common Stock,United States,NULL,Health Care,Medical Specialities,47434334646,2022-06-09
CNQ,Canadian Natural Resources Limited Common Stock,Canada,NULL,NULL,NULL,77894728240,2022-06-09
COF,Capital One Financial Corporation Common Stock,United States,1994,Finance,Finance Companies,48132983334,2022-06-09
COIN,Coinbase Global Inc. Class A Common Stock,United States,NULL,Technology,EDP Services,17107308000,2022-06-09
COP,ConocoPhillips Common Stock,United States,NULL,Energy,Integrated oil Companies,156235770782,2022-06-09
COST,Costco Wholesale Corporation Common Stock,United States,NULL,Consumer Discretionary,Department/Specialty Retail Stores,213485993271,2022-06-09
COUP,Coupa Software Incorporated Common Stock,United States,2016,Technology,Computer Software: Prepackaged Software,5033950737,2022-06-09
CPB,Campbell Soup Company Common Stock,United States,NULL,Consumer Staples,Packaged Foods,14397291593,2022-06-09
CPE,Callon Petroleum Company Common Stock,United States,NULL,Energy,Oil & Gas Production,3889538864,2022-06-09
CPG,Crescent Point Energy Corporation Ordinary Shares (Canada),Canada,NULL,NULL,NULL,6032865253,2022-06-09
CPRI,Capri Holdings Limited Ordinary Shares,Hong Kong,2011,Consumer Discretionary,Apparel,7264742869,2022-06-09
CRM,Salesforce Inc. Common Stock,United States,2004,Technology,Computer Software: Prepackaged Software,189349296000,2022-06-09
CRSP,CRISPR Therapeutics AG Common Shares,Switzerland,2016,Health Care,Biotechnology: Biological Products (No Diagnostic Substances),5656690625,2022-06-09
CRWD,CrowdStrike Holdings Inc. Class A Common Stock,United States,2019,Technology,EDP Services,40814443724,2022-06-09
CS,Credit Suisse Group American Depositary Shares,Switzerland,NULL,Finance,Investment Bankers/Brokers/Service,16819160826,2022-06-09
CSCO,Cisco Systems Inc. Common Stock (DE),United States,1990,Telecommunications,Computer Communications Equipment,186384791305,2022-06-09
CSX,CSX Corporation Common Stock,United States,NULL,Industrials,Railroads,68967525677,2022-06-09
CTRA,Coterra Energy Inc. Common Stock,United States,NULL,Energy,Oil & Gas Production,28094396869,2022-06-09
CTSH,Cognizant Technology Solutions Corporation Class A Common Stock,United States,1998,Technology,EDP Services,37560998505,2022-06-09
CTVA,Corteva Inc. Common Stock,NULL,2019,Industrials,Major Chemicals,44406232000,2022-06-09
CVE,Cenovus Energy Inc Common Stock,Canada,NULL,NULL,NULL,48411831650,2022-06-09
CVNA,Carvana Co. Class A Common Stock,United States,2017,Consumer Discretionary,Other Specialty Stores,2429285855,2022-06-09
CVS,CVS Health Corporation Common Stock,United States,NULL,Health Care,Managed Health Care,123623662951,2022-06-09
CVX,Chevron Corporation Common Stock,United States,NULL,Energy,Integrated oil Companies,352684015352,2022-06-09
CZR,Caesars Entertainment Inc. Common Stock,United States,NULL,Consumer Discretionary,Hotels/Resorts,10838351988,2022-06-09
D,Dominion Energy Inc. Common Stock,United States,NULL,Utilities,Electric Utilities: Central,65510081086,2022-06-09
DAL,Delta Air Lines Inc. Common Stock,United States,NULL,Consumer Discretionary,Air Freight/Delivery Services,24039675563,2022-06-09
DAR,Darling Ingredients Inc. Common Stock,United States,1997,Consumer Staples,Farming/Seeds/Milling,13499345636,2022-06-09
DASH,DoorDash Inc. Class A Common Stock,NULL,2020,Industrials,Industrial Machinery/Components,24208140144,2022-06-09
DD,DuPont de Nemours Inc. Common Stock,NULL,2017,Consumer Discretionary,Wholesale Distributors,34211123584,2022-06-09
DDOG,Datadog Inc. Class A Common Stock,United States,2019,Technology,EDP Services,33070524657,2022-06-09
DE,Deere & Company Common Stock,United States,NULL,Industrials,Industrial Machinery/Components,107288818121,2022-06-09
DELL,Dell Technologies Inc. Class C Common Stock,NULL,2018,Technology,Computer Manufacturing,37878091472,2022-06-09
DEO,Diageo plc Common Stock,United Kingdom,NULL,Consumer Staples,Beverages (Production/Distribution),103965600845,2022-06-09
DFS,Discover Financial Services Common Stock,United States,NULL,Finance,Finance: Consumer Services,30599908605,2022-06-09
DG,Dollar General Corporation Common Stock,United States,2009,Consumer Discretionary,Department/Specialty Retail Stores,54270447063,2022-06-09
DGX,Quest Diagnostics Incorporated Common Stock,United States,NULL,Health Care,Medical Specialities,16205763066,2022-06-09
DHI,D.R. Horton Inc. Common Stock,United States,NULL,NULL,NULL,25972791919,2022-06-09
DHR,Danaher Corporation Common Stock,United States,NULL,Health Care,Medical Specialities,191526561700,2022-06-09
DIDI,DiDi Global Inc. American Depositary Shares (each four representing one Class A Ordinary Share),NULL,2021,NULL,NULL,11431259198,2022-06-09
DINO,HF Sinclair Corporation Common Stock,United States,1960,Energy,Integrated oil Companies,12880460204,2022-06-09
DIS,Walt Disney Company (The) Common Stock,United States,NULL,Consumer Discretionary,Movies/Entertainment,191875097382,2022-06-09
DISH,DISH Network Corporation Class A Common Stock,United States,1995,Consumer Discretionary,Telecommunications Equipment,10750957074,2022-06-09
DKNG,DraftKings Inc. Class A Common Stock,United States,2019,Consumer Discretionary,Services-Misc. Amusement & Recreation,6100932227,2022-06-09
DKS,Dick's Sporting Goods Inc Common Stock,United States,2002,Consumer Discretionary,Other Specialty Stores,6477614805,2022-06-09
DLR,Digital Realty Trust Inc. Common Stock,United States,2004,Real Estate,Real Estate Investment Trusts,38726828126,2022-06-09
DLTR,Dollar Tree Inc. Common Stock,United States,1995,Consumer Discretionary,Department/Specialty Retail Stores,36393796755,2022-06-09
DOCU,DocuSign Inc. Common Stock,United States,2018,Technology,EDP Services,17637471688,2022-06-09
DOW,Dow Inc. Common Stock,NULL,2019,Industrials,Industrial Specialties,48484301659,2022-06-09
DPZ,Domino's Pizza Inc Common Stock,United States,2004,Consumer Discretionary,Food Distributors,13944935296,2022-06-09
DQ,DAQO New Energy Corp. American Depositary Shares each representing five ordinary shares,China,2010,Technology,Semiconductors,4646252155,2022-06-09
DUK,Duke Energy Corporation (Holding Company) Common Stock,United States,NULL,Utilities,Power Generation,84511975909,2022-06-09
DVN,Devon Energy Corporation Common Stock,United States,1985,Energy,Oil & Gas Production,52078026000,2022-06-09
DXCM,DexCom Inc. Common Stock,United States,2005,Health Care,Medical Specialities,476232628110,2022-06-09
EA,Electronic Arts Inc. Common Stock,United States,NULL,Consumer Discretionary,Recreational Games/Products/Toys,38660304191,2022-06-09
EBAY,eBay Inc. Common Stock,United States,1998,Consumer Discretionary,Catalog/Specialty Distribution,26390958244,2022-06-09
ECL,Ecolab Inc. Common Stock,United States,NULL,Consumer Discretionary,Package Goods/Cosmetics,47484458410,2022-06-09
EFX,Equifax Inc. Common Stock,United States,NULL,Finance,Advertising,23782558809,2022-06-09
EL,Estee Lauder Companies Inc. (The) Common Stock,United States,1995,Consumer Discretionary,Package Goods/Cosmetics,94418277184,2022-06-09
EMN,Eastman Chemical Company Common Stock,United States,NULL,Industrials,Major Chemicals,14249234053,2022-06-09
ENPH,Enphase Energy Inc. Common Stock,United States,2012,Technology,Electrical Products,27566690133,2022-06-09
EOG,EOG Resources Inc. Common Stock,United States,NULL,Energy,Oil & Gas Production,84992882067,2022-06-09
EPAM,EPAM Systems Inc. Common Stock,United States,2012,Technology,EDP Services,18419238655,2022-06-09
EQIX,Equinix Inc. Common Stock REIT,United States,2000,Real Estate,Real Estate Investment Trusts,61253121656,2022-06-09
EQT,EQT Corporation Common Stock,United States,NULL,Energy,Oil & Gas Production,17922481693,2022-06-09
ERIC,Ericsson American Depositary Shares,Sweden,NULL,Technology,Computer Software: Prepackaged Software,27072080000,2022-06-09
ESTC,Elastic N.V. Ordinary Shares,United States,2018,Technology,Computer Software: Prepackaged Software,7134691485,2022-06-09
ET,Energy Transfer LP Common Units,United States,NULL,Utilities,Natural Gas Distribution,37350384833,2022-06-09
ETN,Eaton Corporation PLC Ordinary Shares,Ireland,NULL,Industrials,Industrial Machinery/Components,57851010000,2022-06-09
ETSY,Etsy Inc. Common Stock,United States,2015,Consumer Discretionary,Catalog/Specialty Distribution,10618887169,2022-06-09
EW,Edwards Lifesciences Corporation Common Stock,United States,NULL,Health Care,Industrial Specialties,59458118514,2022-06-09
EXC,Exelon Corporation Common Stock,United States,NULL,Utilities,Power Generation,46599164622,2022-06-09
EXPD,Expeditors International of Washington Inc. Common Stock,United States,NULL,Consumer Discretionary,Oil Refining/Marketing,17218258654,2022-06-09
EXPE,Expedia Group Inc. Common Stock,United States,NULL,Consumer Discretionary,Other Consumer Services,19389014302,2022-06-09
F,Ford Motor Company Common Stock,United States,NULL,Consumer Discretionary,Auto Manufacturing,54425211047,2022-06-09
FANG,Diamondback Energy Inc. Commmon Stock,United States,2012,Energy,Oil & Gas Production,28246626135,2022-06-09
FCEL,FuelCell Energy Inc. Common Stock,United States,NULL,Utilities,Electric Utilities: Central,1441082916,2022-06-09
FCX,Freeport-McMoRan Inc. Common Stock,United States,NULL,Basic Materials,Metal Mining,59847155000,2022-06-09
FDX,FedEx Corporation Common Stock,United States,NULL,Consumer Discretionary,Air Freight/Delivery Services,57059383005,2022-06-09
FE,FirstEnergy Corp. Common Stock,United States,NULL,Utilities,Electric Utilities: Central,23619467596,2022-06-09
FIS,Fidelity National Information Services Inc. Common Stock,United States,NULL,Consumer Discretionary,Business Services,61858910782,2022-06-09
FISV,Fiserv Inc. Common Stock,United States,1986,Consumer Discretionary,Business Services,62900606465,2022-06-09
FIVE,Five Below Inc. Common Stock,United States,2012,Consumer Discretionary,Department/Specialty Retail Stores,7297097619,2022-06-09
FRC,FIRST REPUBLIC BANK Common Stock,United States,NULL,Finance,Commercial Banks,27126957642,2022-06-09
FTNT,Fortinet Inc. Common Stock,United States,2009,Technology,Security Systems Services,49816383322,2022-06-09
FTV,Fortive Corporation Common Stock,NULL,2016,Industrials,Industrial Machinery/Components,22385071293,2022-06-09
FUTU,Futu Holdings Limited American Depositary Shares,Hong Kong,2019,Finance,Investment Bankers/Brokers/Service,6530856782,2022-06-09
GD,General Dynamics Corporation Common Stock,United States,NULL,Industrials,Aerospace,63799973120,2022-06-09
GE,General Electric Company Common Stock,United States,NULL,Consumer Discretionary,Metal Fabrications,83958724522,2022-06-09
GGB,Gerdau S.A. Common Stock,Brazil,NULL,Industrials,Steel/Iron Ore,9700812217,2022-06-09
GILD,Gilead Sciences Inc. Common Stock,United States,1992,Health Care,Biotechnology: Pharmaceutical Preparations,77917951390,2022-06-09
GIS,General Mills Inc. Common Stock,United States,NULL,Consumer Staples,Food Chains,41426165612,2022-06-09
GLW,Corning Incorporated Common Stock,United States,NULL,Technology,Industrial Machinery/Components,29612114180,2022-06-09
GM,General Motors Company Common Stock,United States,2010,Consumer Discretionary,Auto Manufacturing,54611122716,2022-06-09
GME,GameStop Corporation Common Stock,United States,2002,Consumer Discretionary,Electronics Distribution,10010967971,2022-06-09
GNRC,Generac Holdlings Inc. Common Stock,United States,2010,Consumer Discretionary,Metal Fabrications,18191536035,2022-06-09
GOGL,Golden Ocean Group Limited Common Stock,Bermuda,NULL,Consumer Discretionary,Marine Transportation,2782046419,2022-06-09
GOLD,Barrick Gold Corporation Common Stock (BC),Canada,NULL,NULL,NULL,36058654366,2022-06-09
GOOG,Alphabet Inc. Class C Capital Stock,United States,2004,Technology,Internet and Information Services,1548758785710,2022-06-09
GOOGL,Alphabet Inc. Class A Common Stock,United States,2004,Technology,Internet and Information Services,1546730606089,2022-06-09
GRAB,Grab Holdings Limited Class A Ordinary Shares,Singapore,NULL,NULL,NULL,11250041985,2022-06-09
GS,Goldman Sachs Group Inc. (The) Common Stock,United States,1999,Finance,Investment Bankers/Brokers/Service,106379206876,2022-06-09
GSK,GSK plc American Depositary Shares (Each representing two Ordinary Shares),United Kingdom,NULL,Health Care,Biotechnology: Pharmaceutical Preparations,110284456150,2022-06-09
GTLB,GitLab Inc. Class A Common Stock,United States,2021,Technology,EDP Services,7249469360,2022-06-09
HAL,Halliburton Company Common Stock,United States,NULL,Energy,Oil & Gas Production,38424173425,2022-06-09
HCA,HCA Healthcare Inc. Common Stock,United States,2011,Health Care,Hospital/Nursing Management,60668857008,2022-06-09
HCP,HashiCorp Inc. Class A Common Stock,United States,2021,Technology,EDP Services,5843779355,2022-06-09
HD,Home Depot Inc. (The) Common Stock,United States,NULL,Consumer Discretionary,RETAIL: Building Materials,314698564465,2022-06-09
HES,Hess Corporation Common Stock,United States,NULL,Energy,Oil & Gas Production,40199557945,2022-06-09
HLT,Hilton Worldwide Holdings Inc. Common Stock,NULL,2016,Consumer Discretionary,Hotels/Resorts,38451522974,2022-06-09
HOLX,Hologic Inc. Common Stock,United States,1990,Health Care,Medical Electronics,18593843334,2022-06-09
HON,Honeywell International Inc. Common Stock,United States,NULL,Industrials,Consumer Electronics/Appliances,132463820849,2022-06-09
HOOD,Robinhood Markets Inc. Class A Common Stock,United States,2021,Technology,Computer Software: Prepackaged Software,7053160141,2022-06-09
HPQ,HP Inc. Common Stock,United States,NULL,Technology,Computer Manufacturing,38625061845,2022-06-09
HR,Healthcare Realty Trust Incorporated Common Stock,United States,1993,Real Estate,Real Estate Investment Trusts,4112297641,2022-06-09
HSBC,HSBC Holdings plc. Common Stock,United Kingdom,NULL,Finance,Savings Institutions,128738330854,2022-06-09
HST,Host Hotels & Resorts Inc. Common Stock,United States,NULL,Real Estate,Real Estate Investment Trusts,14545714555,2022-06-09
HTA,Healthcare Trust of America Inc. Class A Common Stock,United States,NULL,Real Estate,Real Estate Investment Trusts,6883661500,2022-06-09
HUBS,HubSpot Inc. Common Stock,United States,2014,Technology,Computer Software: Prepackaged Software,17322014724,2022-06-09
HUM,Humana Inc. Common Stock,United States,NULL,Health Care,Medical Specialities,57293289035,2022-06-09
IBM,International Business Machines Corporation Common Stock,United States,NULL,Technology,EDP Services,125875973734,2022-06-09
ICE,Intercontinental Exchange Inc. Common Stock,United States,2005,Finance,Investment Bankers/Brokers/Service,56345817558,2022-06-09
ICLR,ICON plc Ordinary Shares,Ireland,1998,Health Care,Biotechnology: Commercial Physical & Biological Resarch,18554723524,2022-06-09
IDXX,IDEXX Laboratories Inc. Common Stock,United States,1991,Health Care,Biotechnology: In Vitro & In Vivo Diagnostic Substances,30703383553,2022-06-09
ILMN,Illumina Inc. Common Stock,United States,2000,Health Care,Medical Specialities,35818800000,2022-06-09
INTC,Intel Corporation Common Stock,United States,NULL,Technology,Semiconductors,166872090000,2022-06-09
INTU,Intuit Inc. Common Stock,United States,1993,Technology,Computer Software: Prepackaged Software,115383607076,2022-06-09
IP,International Paper Company Common Stock,United States,NULL,Industrials,Containers/Packaging,17312096425,2022-06-09
IQV,IQVIA Holdings Inc. Common Stock,United States,2013,Health Care,Managed Health Care,41609210264,2022-06-09
IR,Ingersoll Rand Inc. Common Stock,United States,2017,Industrials,Industrial Machinery/Components,20264019160,2022-06-09
IRTC,iRhythm Technologies Inc. Common Stock,United States,2016,Health Care,Medical/Dental Instruments,4257907712,2022-06-09
ISRG,Intuitive Surgical Inc. Common Stock,United States,2000,Health Care,Medical/Dental Instruments,76920790742,2022-06-09
ITUB,Itau Unibanco Banco Holding SA American Depositary Shares (Each repstg 500 Preferred shares),Brazil,NULL,Finance,Major Banks,49192849834,2022-06-09
JBHT,J.B. Hunt Transport Services Inc. Common Stock,United States,NULL,Industrials,Trucking Freight/Courier Services,17543886001,2022-06-09
JCI,Johnson Controls International plc Ordinary Share,Switzerland,NULL,Industrials,Industrial Machinery/Components,38073958623,2022-06-09
JD,JD.com Inc. American Depositary Shares,China,2014,Consumer Discretionary,Catalog/Specialty Distribution,96625323641,2022-06-09
JNJ,Johnson & Johnson Common Stock,United States,NULL,Health Care,Biotechnology: Pharmaceutical Preparations,463258287594,2022-06-09
JPM,JP Morgan Chase & Co. Common Stock,United States,NULL,Finance,Major Banks,372623592621,2022-06-09
JWN,Nordstrom Inc. Common Stock,United States,NULL,Consumer Discretionary,Clothing/Shoe/Accessory Stores,4423954839,2022-06-09
K,Kellogg Company Common Stock,United States,NULL,Consumer Staples,Packaged Foods,23519310503,2022-06-09
KDP,Keurig Dr Pepper Inc. Common Stock,United States,NULL,Consumer Staples,Beverages (Production/Distribution),51493250002,2022-06-09
KEY,KeyCorp Common Stock,United States,NULL,Finance,Major Banks,17800868889,2022-06-09
KHC,The Kraft Heinz Company Common Stock,United States,NULL,Consumer Staples,Farming/Seeds/Milling,46317848837,2022-06-09
KLAC,KLA Corporation Common Stock,United States,1980,Technology,Electronic Components,53646269239,2022-06-09
KMB,Kimberly-Clark Corporation Common Stock,United States,NULL,Consumer Discretionary,Paper,43721136599,2022-06-09
KMI,Kinder Morgan Inc. Common Stock,United States,2011,Utilities,Natural Gas Distribution,44170364787,2022-06-09
KMX,CarMax Inc,United States,NULL,Consumer Discretionary,Other Specialty Stores,16246227905,2022-06-09
KO,Coca-Cola Company (The) Common Stock,United States,NULL,Consumer Staples,Beverages (Production/Distribution),273128484945,2022-06-09
KR,Kroger Company (The) Common Stock,United States,NULL,Consumer Staples,Food Chains,37095726211,2022-06-09
KSS,Kohl's Corporation Common Stock,United States,1992,Consumer Discretionary,Department/Specialty Retail Stores,6044112634,2022-06-09
LBRDK,Liberty Broadband Corporation Class C Common Stock,United States,NULL,Consumer Discretionary,Telecommunications Equipment,19874752409,2022-06-09
LBRT,Liberty Energy Inc. Class A common stock,United States,2018,Energy,Oilfield Services/Equipment,3273567026,2022-06-09
LCID,Lucid Group Inc. Common Stock,United States,NULL,Consumer Discretionary,Auto Manufacturing,31505508424,2022-06-09
LEN,Lennar Corporation Class A Common Stock,United States,NULL,Real Estate,Building operators,23662855456,2022-06-09
LH,Laboratory Corporation of America Holdings Common Stock,United States,NULL,Health Care,Medical Specialities,21736759500,2022-06-09
LHX,L3Harris Technologies Inc. Common Stock,United States,NULL,Industrials,Industrial Machinery/Components,46924467030,2022-06-09
LI,Li Auto Inc. American Depositary Shares,China,2020,Consumer Discretionary,Auto Manufacturing,28663746316,2022-06-09
LIN,Linde plc Ordinary Share,NULL,2018,Industrials,Major Chemicals,163204548556,2022-06-09
LLY,Eli Lilly and Company Common Stock,United States,NULL,Health Care,Biotechnology: Pharmaceutical Preparations,293143227143,2022-06-09
LMT,Lockheed Martin Corporation Common Stock,United States,NULL,Industrials,Aerospace,116951354003,2022-06-09
LNG,Cheniere Energy Inc. Common Stock,United States,2001,Utilities,Oil/Gas Transmission,35602340075,2022-06-09
LOW,Lowe's Companies Inc. Common Stock,United States,NULL,Consumer Discretionary,RETAIL: Building Materials,126713681836,2022-06-09
LRCX,Lam Research Corporation Common Stock,United States,1984,Technology,Industrial Machinery/Components,70284823455,2022-06-09
LULU,lululemon athletica inc. Common Stock,Canada,2007,Consumer Discretionary,Department/Specialty Retail Stores,39085503931,2022-06-09
LUV,Southwest Airlines Company Common Stock,United States,NULL,Consumer Discretionary,Air Freight/Delivery Services,25425972061,2022-06-09
LVS,Las Vegas Sands Corp. Common Stock,United States,2004,Consumer Discretionary,Hotels/Resorts,27102952012,2022-06-09
LYB,LyondellBasell Industries NV Ordinary Shares Class A (Netherlands),Netherlands,NULL,Industrials,Industrial Specialties,35923142279,2022-06-09
LYFT,Lyft Inc. Class A Common Stock,United States,2019,Technology,EDP Services,6042709913,2022-06-09
M,Macy's Inc Common Stock,United States,NULL,Consumer Discretionary,Department/Specialty Retail Stores,6522139346,2022-06-09
MA,Mastercard Incorporated Common Stock,United States,2006,Consumer Discretionary,Business Services,346193436257,2022-06-09
MAR,Marriott International Class A Common Stock,United States,NULL,Consumer Discretionary,Hotels/Resorts,55781463926,2022-06-09
MCD,McDonald's Corporation Common Stock,United States,NULL,Consumer Discretionary,Restaurants,181188997850,2022-06-09
MCHP,Microchip Technology Incorporated Common Stock,United States,1993,Technology,Semiconductors,37988884063,2022-06-09
MCK,McKesson Corporation Common Stock,United States,NULL,Health Care,Other Pharmaceuticals,45993588514,2022-06-09
MCO,Moody's Corporation Common Stock,United States,NULL,Finance,Advertising,52401690000,2022-06-09
MDB,MongoDB Inc. Class A Common Stock,United States,2017,Technology,Retail: Computer Software & Peripheral Equipment,20006733688,2022-06-09
MDLZ,Mondelez International Inc. Class A Common Stock,United States,NULL,Consumer Staples,Meat/Poultry/Fish,86211522655,2022-06-09
MDT,Medtronic plc. Ordinary Shares,United States,NULL,Health Care,Biotechnology: Electromedical & Electrotherapeutic Apparatus,126154473846,2022-06-09
MELI,MercadoLibre Inc. Common Stock,Argentina,2007,Consumer Discretionary,Catalog/Specialty Distribution,38827569406,2022-06-09
MET,MetLife Inc. Common Stock,United States,2000,Finance,Life Insurance,54655570286,2022-06-09
META,Meta Platforms Inc. Class A Common Stock,United States,2012,NULL,NULL,514323228082,2022-06-09
MGM,MGM Resorts International Common Stock,United States,NULL,Consumer Discretionary,Hotels/Resorts,14698802970,2022-06-09
MMC,Marsh & McLennan Companies Inc. Common Stock,United States,NULL,Finance,Specialty Insurers,78233292160,2022-06-09
MMM,3M Company Common Stock,United States,NULL,Industrials,Consumer Electronics/Appliances,83509386091,2022-06-09
MNST,Monster Beverage Corporation,United States,NULL,Consumer Staples,Beverages (Production/Distribution),47974987689,2022-06-09
MO,Altria Group Inc.,United States,NULL,Consumer Discretionary,Farming/Seeds/Milling,89405318042,2022-06-09
MOS,Mosaic Company (The) Common Stock,United States,NULL,Industrials,Agricultural Chemicals,19721395638,2022-06-09
MPC,Marathon Petroleum Corporation Common Stock,United States,NULL,Energy,Integrated oil Companies,60959309163,2022-06-09
MPW,Medical Properties Trust Inc. common stock,United States,2005,Real Estate,Real Estate Investment Trusts,9886647500,2022-06-09
MRK,Merck & Company Inc. Common Stock (new),United States,NULL,Health Care,Biotechnology: Pharmaceutical Preparations,225265951627,2022-06-09
MRNA,Moderna Inc. Common Stock,United States,2018,Health Care,Biotechnology: Biological Products (No Diagnostic Substances),54324006034,2022-06-09
MRO,Marathon Oil Corporation Common Stock,United States,NULL,Energy,Oil & Gas Production,22432526387,2022-06-09
MRTX,Mirati Therapeutics Inc. Common Stock,United States,NULL,Health Care,Biotechnology: Pharmaceutical Preparations,3376034122,2022-06-09
MRVL,Marvell Technology Inc. Common Stock,Bermuda,2000,Technology,Semiconductors,49570417500,2022-06-09
MS,Morgan Stanley Common Stock,United States,NULL,Finance,Investment Bankers/Brokers/Service,143686192606,2022-06-09
MSFT,Microsoft Corporation Common Stock,United States,1986,Technology,Computer Software: Prepackaged Software,2020984333740,2022-06-09
MSTR,MicroStrategy Incorporated Common Stock Class A,United States,1998,Technology,Computer Software: Prepackaged Software,2530650752,2022-06-09
MT,Arcelor Mittal NY Registry Shares NEW,Luxembourg,NULL,Industrials,Steel/Iron Ore,26588857994,2022-06-09
MTB,M&T Bank Corporation Common Stock,United States,NULL,Finance,Major Banks,31624119737,2022-06-09
MTCH,Match Group Inc. Common Stock,United States,NULL,Technology,Computer Software: Programming Data Processing,23432886286,2022-06-09
MTN,Vail Resorts Inc. Common Stock,United States,1997,Consumer Discretionary,Movies/Entertainment,10102738189,2022-06-09
MU,Micron Technology Inc. Common Stock,United States,NULL,Technology,Semiconductors,75777012916,2022-06-09
NCLH,Norwegian Cruise Line Holdings Ltd. Ordinary Shares,United States,NULL,Consumer Discretionary,Hotels/Resorts,5867415638,2022-06-09
NEE,NextEra Energy Inc. Common Stock,United States,NULL,Utilities,Electric Utilities: Central,154154291930,2022-06-09
NEM,Newmont Corporation,United States,NULL,Basic Materials,Precious Metals,51968276582,2022-06-09
NET,Cloudflare Inc. Class A Common Stock,United States,2019,Technology,EDP Services,17058931946,2022-06-09
NFLX,Netflix Inc. Common Stock,United States,2002,Consumer Discretionary,Movies/Entertainment,87197628540,2022-06-09
NIO,NIO Inc. American depositary shares each  representing one Class A ordinary share,NULL,2018,Finance,Finance Companies,31573085702,2022-06-09
NKE,Nike Inc. Common Stock,United States,NULL,Consumer Discretionary,Shoe Manufacturing,189513078617,2022-06-09
NLOK,NortonLifeLock Inc. Common Stock,United States,NULL,Technology,Computer Software: Prepackaged Software,14240572869,2022-06-09
NLY,Annaly Capital Management Inc Common Stock,United States,NULL,Real Estate,Real Estate Investment Trusts,9796147367,2022-06-09
NOC,Northrop Grumman Corporation Common Stock,United States,NULL,Technology,Security Systems Services,72964142202,2022-06-09
NOK,Nokia Corporation Sponsored American Depositary Shares,Finland,1994,Technology,Radio And Television Broadcasting And Communications Equipment,27795414802,2022-06-09
NOW,ServiceNow Inc. Common Stock,United States,2012,Technology,Computer Software: Prepackaged Software,100656920549,2022-06-09
NSC,Norfolk Southern Corporation Common Stock,United States,NULL,Industrials,Railroads,57771801394,2022-06-09
NTES,NetEase Inc. American Depositary Shares,China,NULL,Consumer Discretionary,Recreational Games/Products/Toys,68635407093,2022-06-09
NTR,Nutrien Ltd. Common Shares,NULL,2004,Industrials,Agricultural Chemicals,49815467548,2022-06-09
NU,Nu Holdings Ltd. Class A Ordinary Shares,NULL,2021,NULL,NULL,18762653382,2022-06-09
NUE,Nucor Corporation Common Stock,United States,NULL,Industrials,Steel/Iron Ore,33537110562,2022-06-09
NVAX,Novavax Inc. Common Stock,United States,NULL,Health Care,Biotechnology: Biological Products (No Diagnostic Substances),3253532349,2022-06-09
NVDA,NVIDIA Corporation Common Stock,United States,1999,Technology,Semiconductors,464025000000,2022-06-09
NVS,Novartis AG Common Stock,Switzerland,NULL,Health Care,Biotechnology: Pharmaceutical Preparations,193248484000,2022-06-09
NXPI,NXP Semiconductors N.V. Common Stock,Netherlands,2010,Technology,Semiconductors,49658878733,2022-06-09
O,Realty Income Corporation Common Stock,United States,NULL,Real Estate,Real Estate Investment Trusts,40418382189,2022-06-09
OAS,Oasis Petroleum Inc. Common Stock,United States,NULL,Energy,Oil & Gas Production,3489409128,2022-06-09
ODFL,Old Dominion Freight Line Inc. Common Stock,United States,1991,Industrials,Trucking Freight/Courier Services,29164788910,2022-06-09
OKTA,Okta Inc. Class A Common Stock,United States,2017,Technology,EDP Services,15368345748,2022-06-09
OLLI,Ollie's Bargain Outlet Holdings Inc. Common Stock,United States,2015,Consumer Discretionary,Department/Specialty Retail Stores,3568765225,2022-06-09
ON,ON Semiconductor Corporation Common Stock,United States,NULL,Technology,Semiconductors,27906126206,2022-06-09
ORCL,Oracle Corporation Common Stock,United States,1986,Technology,Computer Software: Prepackaged Software,188852152460,2022-06-09
ORLY,O'Reilly Automotive Inc. Common Stock,United States,1993,Consumer Discretionary,Auto & Home Supply Stores,41512841369,2022-06-09
OVV,Ovintiv Inc. (DE),Canada,NULL,Energy,Oil & Gas Production,15611956053,2022-06-09
OXY,Occidental Petroleum Corporation Common Stock,United States,NULL,Energy,Oil & Gas Production,62932374441,2022-06-09
PAGS,PagSeguro Digital Ltd. Class A Common Shares,Cayman Islands,2018,Technology,EDP Services,4561360593,2022-06-09
PANW,Palo Alto Networks Inc. Common Stock,United States,NULL,Technology,EDP Services,52197984467,2022-06-09
PARA,Paramount Global Class B Common Stock,United States,NULL,Consumer Discretionary,Movies/Entertainment,19190656815,2022-06-09
PATH,UiPath Inc. Class A Common Stock,NULL,2021,Technology,Computer Software: Prepackaged Software,11531981351,2022-06-09
PAYC,Paycom Software Inc. Common Stock,NULL,2014,Technology,Computer Software: Prepackaged Software,18743211469,2022-06-09
PBF,PBF Energy Inc. Class A Common Stock,United States,2012,Energy,Integrated oil Companies,5087441972,2022-06-09
PBR,Petroleo Brasileiro S.A.- Petrobras Common Stock,Brazil,NULL,Energy,Oil & Gas Production,89352778631,2022-06-09
PCG,Pacific Gas & Electric Co. Common Stock,United States,NULL,Utilities,Power Generation,23581410915,2022-06-09
PDCE,PDC Energy Inc. Common Stock (Delaware),United States,NULL,Energy,Oil & Gas Production,8623821794,2022-06-09
PDD,Pinduoduo Inc. American Depositary Shares,China,2018,Consumer Discretionary,Catalog/Specialty Distribution,73024594313,2022-06-09
PEAK,Healthpeak Properties Inc. Common Stock,United States,NULL,Real Estate,Real Estate Investment Trusts,14473620629,2022-06-09
PENN,Penn National Gaming Inc. Common Stock,United States,1994,Consumer Discretionary,Movies/Entertainment,5646274983,2022-06-09
PEP,PepsiCo Inc. Common Stock,United States,NULL,Consumer Staples,Beverages (Production/Distribution),229511643958,2022-06-09
PFE,Pfizer Inc. Common Stock,United States,NULL,Health Care,Biotechnology: Pharmaceutical Preparations,295133119133,2022-06-09
PG,Procter & Gamble Company (The) Common Stock,United States,NULL,Consumer Discretionary,Package Goods/Cosmetics,348449880218,2022-06-09
PGR,Progressive Corporation (The) Common Stock,United States,NULL,Finance,Property-Casualty Insurers,69026973500,2022-06-09
PH,Parker-Hannifin Corporation Common Stock,United States,NULL,Industrials,Office Equipment/Supplies/Services,36207324856,2022-06-09
PINS,Pinterest Inc. Class A Common Stock,NULL,2019,Technology,Interactive Media,13588171756,2022-06-09
PLD,Prologis Inc. Common Stock,United States,NULL,Real Estate,Real Estate Investment Trusts,92392724270,2022-06-09
PLTR,Palantir Technologies Inc. Class A Common Stock,NULL,2020,Technology,Retail: Computer Software & Peripheral Equipment,18091895009,2022-06-09
PLUG,Plug Power Inc. Common Stock,United States,1999,Consumer Discretionary,Electrical Products,10018500104,2022-06-09
PM,Philip Morris International Inc Common Stock,United States,NULL,Consumer Discretionary,Farming/Seeds/Milling,159692364754,2022-06-09
PNC,PNC Financial Services Group Inc. (The) Common Stock,United States,NULL,Finance,Major Banks,69423666206,2022-06-09
POOL,Pool Corporation Common Stock,United States,1995,Consumer Discretionary,Recreational Games/Products/Toys,16825677131,2022-06-09
PPG,PPG Industries Inc. Common Stock,United States,NULL,Consumer Discretionary,Paints/Coatings,29968338747,2022-06-09
PPL,PPL Corporation Common Stock,United States,NULL,Utilities,Electric Utilities: Central,21808485701,2022-06-09
PRU,Prudential Financial Inc. Common Stock,United States,2001,Finance,Life Insurance,39142500000,2022-06-09
PSX,Phillips 66 Common Stock,United States,NULL,Energy,Integrated oil Companies,52658803346,2022-06-09
PTON,Peloton Interactive Inc. Class A Common Stock,United States,2019,Consumer Discretionary,Other Consumer Services,3785143094,2022-06-09
PXD,Pioneer Natural Resources Company Common Stock,United States,NULL,Energy,Oil & Gas Production,68079999609,2022-06-09
PYPL,PayPal Holdings Inc. Common Stock,United States,NULL,Consumer Discretionary,Business Services,99718818286,2022-06-09
QCOM,QUALCOMM Incorporated Common Stock,United States,1991,Technology,Computer peripheral equipment,155702400000,2022-06-09
RACE,Ferrari N.V. Common Shares,NULL,2015,Consumer Discretionary,Auto Manufacturing,35436127204,2022-06-09
RBLX,Roblox Corporation Class A Common Stock,NULL,2021,Technology,EDP Services,18371202416,2022-06-09
RCL,D/B/A Royal Caribbean Cruises Ltd. Common Stock,United States,1993,Consumer Discretionary,Hotels/Resorts,12856171579,2022-06-09
REGN,Regeneron Pharmaceuticals Inc. Common Stock,United States,1991,Health Care,Biotechnology: Pharmaceutical Preparations,65294774637,2022-06-09
RH,RH Common Stock,United States,2012,Consumer Discretionary,Other Specialty Stores,7235787234,2022-06-09
RIO,Rio Tinto Plc Common Stock,Australia,2002,Basic Materials,Metal Mining,121553705150,2022-06-09
RIVN,Rivian Automotive Inc. Class A Common Stock,United States,2021,Consumer Discretionary,Auto Manufacturing,26227151030,2022-06-09
ROK,Rockwell Automation Inc. Common Stock,United States,NULL,Industrials,Industrial Machinery/Components,25177605166,2022-06-09
ROKU,Roku Inc. Class A Common Stock,United States,2017,Telecommunications,Cable & Other Pay Television Services,12712065659,2022-06-09
ROP,Roper Technologies Inc. Common Stock,United States,1992,Industrials,Office Equipment/Supplies/Services,43896029428,2022-06-09
ROST,Ross Stores Inc. Common Stock,United States,1985,Consumer Discretionary,Clothing/Shoe/Accessory Stores,28111387200,2022-06-09
RRC,Range Resources Corporation Common Stock,United States,NULL,Energy,Oil & Gas Production,9647952664,2022-06-09
RSG,Republic Services Inc. Common Stock,United States,1998,Utilities,Environmental Services,41328290356,2022-06-09
RTX,Raytheon Technologies Corporation Common Stock,United States,NULL,Industrials,Military/Government/Technical,147219423343,2022-06-09
RUN,Sunrun Inc. Common Stock,United States,2015,Industrials,Building Products,5785090854,2022-06-09
SAIL,SailPoint Technologies Holdings Inc. Common Stock,United States,2017,Technology,Computer Software: Prepackaged Software,6004800863,2022-06-09
SAP,SAP  SE ADS,Germany,NULL,Technology,EDP Services,115740324841,2022-06-09
SBAC,SBA Communications Corporation Class A Common Stock,United States,1999,Real Estate,Real Estate Investment Trusts,36878613733,2022-06-09
SBLK,Star Bulk Carriers Corp. Common Shares,Greece,NULL,Consumer Discretionary,Marine Transportation,2800872287,2022-06-09
SBNY,Signature Bank Common Stock,United States,2004,Finance,Major Banks,13679925746,2022-06-09
SBUX,Starbucks Corporation Common Stock,United States,1992,Consumer Discretionary,Beverages - Non-Alcoholic,91715643270,2022-06-09
SCHW,Charles Schwab Corporation (The) Common Stock,United States,NULL,Finance,Investment Bankers/Brokers/Service,123888610895,2022-06-09
SE,Sea Limited American Depositary Shares each representing one Class A Ordinary Share,United States,2017,Technology,Computer Software: Prepackaged Software,46624250680,2022-06-09
SEDG,SolarEdge Technologies Inc. Common Stock,Israel,2015,Technology,Semiconductors,16534627723,2022-06-09
SHEL,Royal Dutch Shell PLC American Depositary Shares (each representing two (2) Ordinary Shares),Netherlands,NULL,Energy,Oil & Gas Production,223746698788,2022-06-09
SHOP,Shopify Inc. Class A Subordinate Voting Shares,Canada,2015,NULL,NULL,47557931292,2022-06-09
SHW,Sherwin-Williams Company (The) Common Stock,United States,NULL,Consumer Discretionary,Paints/Coatings,69845255661,2022-06-09
SIG,Signet Jewelers Limited Common Shares,Bermuda,NULL,Consumer Discretionary,Consumer Specialties,3237272037,2022-06-09
SIVB,SVB Financial Group Common Stock,United States,NULL,Finance,Major Banks,28223254158,2022-06-09
SJM,J.M. Smucker Company (The) New Common Stock,United States,NULL,Consumer Staples,Packaged Foods,14072476622,2022-06-09
SLB,Schlumberger N.V. Common Stock,France,NULL,Energy,Oilfield Services/Equipment,68877940155,2022-06-09
SNAP,Snap Inc. Class A Common Stock,United States,2017,Technology,Internet and Information Services,23677612679,2022-06-09
SNOW,Snowflake Inc. Class A Common Stock,United States,2020,Technology,Computer Software: Prepackaged Software,42941909500,2022-06-09
SNPS,Synopsys Inc. Common Stock,United States,1992,Technology,EDP Services,49421628047,2022-06-09
SNY,Sanofi ADS,France,NULL,Health Care,Biotechnology: Pharmaceutical Preparations,130534751227,2022-06-09
SO,Southern Company (The) Common Stock,United States,NULL,Utilities,Electric Utilities: Central,79126212547,2022-06-09
SOFI,SoFi Technologies Inc. Common Stock,United States,NULL,Finance,Diversified Financial Services,5008812490,2022-06-09
SPG,Simon Property Group Inc. Common Stock,United States,NULL,Real Estate,Real Estate Investment Trusts,34828322905,2022-06-09
SPGI,S&P Global Inc. Common Stock,United States,NULL,Finance,Advertising,116057155500,2022-06-09
SPLK,Splunk Inc. Common Stock,United States,2012,Technology,Computer Software: Prepackaged Software,16670849000,2022-06-09
SPOT,Spotify Technology S.A. Ordinary Shares,Luxembourg,2018,Consumer Discretionary,Broadcasting,22050800610,2022-06-09
SQ,Block Inc. Class A Common Stock,United States,2015,Technology,Computer Software: Prepackaged Software,45186834443,2022-06-09
SQM,Sociedad Quimica y Minera S.A. Common Stock,Chile,1993,Industrials,Agricultural Chemicals,27964004842,2022-06-09
SRE,DBA Sempra Common Stock,United States,NULL,Utilities,Oil/Gas Transmission,49568998968,2022-06-09
STLD,Steel Dynamics Inc.,United States,1996,Industrials,Steel/Iron Ore,14744237225,2022-06-09
STM,STMicroelectronics N.V. Common Stock,Switzerland,NULL,Technology,Semiconductors,34566726298,2022-06-09
STNE,StoneCo Ltd. Class A Common Shares,Brazil,2018,Technology,EDP Services,3302837634,2022-06-09
STT,State Street Corporation Common Stock,United States,NULL,Finance,Investment Managers,25518178247,2022-06-09
STX,Seagate Technology Holdings PLC Ordinary Shares (Ireland),Ireland,2002,Technology,Electronic Components,18122088785,2022-06-09
SU,Suncor Energy  Inc. Common Stock,Canada,NULL,NULL,NULL,59596022174,2022-06-09
SWAV,ShockWave Medical Inc. Common Stock,United States,2019,Health Care,Medical/Dental Instruments,6745702597,2022-06-09
SWKS,Skyworks Solutions Inc. Common Stock,United States,NULL,Technology,Semiconductors,17029203500,2022-06-09
SWN,Southwestern Energy Company Common Stock,United States,NULL,Energy,Oil & Gas Production,10492060726,2022-06-09
SYF,Synchrony Financial Common Stock,United States,2014,Finance,Diversified Financial Services,17326438316,2022-06-09
SYK,Stryker Corporation Common Stock,United States,NULL,Health Care,Medical/Dental Instruments,84714077002,2022-06-09
SYY,Sysco Corporation Common Stock,United States,NULL,Consumer Discretionary,Food Distributors,42653315316,2022-06-09
T,AT&T Inc.,United States,NULL,Consumer Discretionary,Telecommunications Equipment,150911720000,2022-06-09
TAL,TAL Education Group American Depositary Shares,China,NULL,Consumer Discretionary,Other Consumer Services,2656909580,2022-06-09
TCOM,Trip.com Group Limited American Depositary Shares,China,2003,Consumer Discretionary,Business Services,14856613828,2022-06-09
TDOC,Teladoc Health Inc. Common Stock,United States,2015,Health Care,Medical/Nursing Services,5467314911,2022-06-09
TEAM,Atlassian Corporation Plc Class A Ordinary Shares,United Kingdom,2015,Technology,Computer Software: Prepackaged Software,50279097854,2022-06-09
TECK,Teck Resources Ltd Ordinary Shares,Canada,NULL,NULL,NULL,23878270000,2022-06-09
TFC,Truist Financial Corporation Common Stock,United States,NULL,Finance,Major Banks,64753314832,2022-06-09
TGT,Target Corporation Common Stock,United States,NULL,Consumer Discretionary,Department/Specialty Retail Stores,72855980411,2022-06-09
TJX,TJX Companies Inc. (The) Common Stock,United States,NULL,Consumer Discretionary,Department/Specialty Retail Stores,71563522788,2022-06-09
TLRY,Tilray Brands Inc. Class 2 Common Stock,Canada,2018,Health Care,Biotechnology: Pharmaceutical Preparations,1635164822,2022-06-09
TMO,Thermo Fisher Scientific Inc Common Stock,United States,NULL,Industrials,Biotechnology: Laboratory Analytical Instruments,215594055903,2022-06-09
TMUS,T-Mobile US Inc. Common Stock,United States,NULL,Telecommunications,Telecommunications Equipment,170111461838,2022-06-09
TOST,Toast Inc. Class A Common Stock,NULL,2021,Technology,EDP Services,8169608279,2022-06-09
TPTX,Turning Point Therapeutics Inc. Common Stock,United States,2019,Health Care,Biotechnology: Pharmaceutical Preparations,3721946723,2022-06-09
TROW,T. Rowe Price Group Inc. Common Stock,United States,1986,Finance,Investment Managers,28075678379,2022-06-09
TS,Tenaris S.A. American Depositary Shares,Luxembourg,NULL,Industrials,Steel/Iron Ore,19186674830,2022-06-09
TSCO,Tractor Supply Company Common Stock,United States,1994,Consumer Discretionary,Other Specialty Stores,22739940891,2022-06-09
TSLA,Tesla Inc. Common Stock,United States,2010,Consumer Discretionary,Auto Manufacturing,765468468806,2022-06-09
TSM,Taiwan Semiconductor Manufacturing Company Ltd.,Taiwan,1997,Technology,Semiconductors,478026923336,2022-06-09
TT,Trane Technologies plc,Ireland,NULL,Industrials,Industrial Machinery/Components,32106693355,2022-06-09
TTD,The Trade Desk Inc. Class A Common Stock,United States,2016,Technology,EDP Services,25624505928,2022-06-09
TTE,TotalEnergies SE,France,NULL,Energy,Oil & Gas Production,154177329816,2022-06-09
TTWO,Take-Two Interactive Software Inc. Common Stock,United States,1997,Technology,Computer Software: Prepackaged Software,21326861532,2022-06-09
TWLO,Twilio Inc. Class A Common Stock,United States,2016,Industrials,Industrial Machinery/Components,18688457344,2022-06-09
TWTR,Twitter Inc. Common Stock,NULL,2013,Technology,EDP Services,30525197582,2022-06-09
TXN,Texas Instruments Incorporated Common Stock,United States,NULL,Technology,Semiconductors,152696143394,2022-06-09
U,Unity Software Inc. Common Stock,United States,2020,Technology,Retail: Computer Software & Peripheral Equipment,12660476138,2022-06-09
UAL,United Airlines Holdings Inc. Common Stock,United States,NULL,Consumer Discretionary,Air Freight/Delivery Services,14252005435,2022-06-09
UBER,Uber Technologies Inc. Common Stock,NULL,2019,Technology,EDP Services,50799890745,2022-06-09
UL,Unilever PLC Common Stock,United Kingdom,NULL,Consumer Staples,Farming/Seeds/Milling,116319263429,2022-06-09
ULTA,Ulta Beauty Inc. Common Stock,United States,2007,NULL,NULL,21983298441,2022-06-09
UNH,UnitedHealth Group Incorporated Common Stock (DE),United States,NULL,Health Care,Medical Specialities,464146328010,2022-06-09
UNP,Union Pacific Corporation Common Stock,United States,NULL,Industrials,Railroads,139069890545,2022-06-09
UPS,United Parcel Service Inc. Common Stock,United States,1999,Consumer Discretionary,Air Freight/Delivery Services,157749776468,2022-06-09
UPST,Upstart Holdings Inc. Common stock,United States,2020,Finance,Finance: Consumer Services,3330759616,2022-06-09
URI,United Rentals Inc. Common Stock,United States,1997,Consumer Discretionary,Diversified Commercial Services,21734809097,2022-06-09
USB,U.S. Bancorp Common Stock,United States,NULL,Finance,Major Banks,76047609168,2022-06-09
V,Visa Inc.,United States,NULL,Consumer Discretionary,Business Services,445787034553,2022-06-09
VALE,VALE S.A.  American Depositary Shares Each Representing one common share,Brazil,NULL,Basic Materials,Metal Mining,82285624377,2022-06-09
VEEV,Veeva Systems Inc. Class A Common Stock,NULL,2013,Health Care,Managed Health Care,29493709042,2022-06-09
VERU,Veru Inc. Common Stock,United States,NULL,Health Care,Biotechnology: Pharmaceutical Preparations,1104144022,2022-06-09
VICI,VICI Properties Inc. Common Stock,NULL,2018,Real Estate,Real Estate Investment Trusts,30011960852,2022-06-09
VLO,Valero Energy Corporation Common Stock,United States,NULL,Energy,Integrated oil Companies,59031146574,2022-06-09
VMW,Vmware Inc. Common stock Class A,United States,2007,Technology,Computer Software: Prepackaged Software,54518174616,2022-06-09
VOD,Vodafone Group Plc American Depositary Shares,United Kingdom,NULL,Telecommunications,Telecommunications Equipment,44535329160,2022-06-09
VRTX,Vertex Pharmaceuticals Incorporated Common Stock,United States,1991,Health Care,Biotechnology: Pharmaceutical Preparations,67566888557,2022-06-09
VZ,Verizon Communications Inc. Common Stock,United States,NULL,Telecommunications,Telecommunications Equipment,216785607846,2022-06-09
W,Wayfair Inc. Class A Common Stock,United States,2014,Consumer Discretionary,Catalog/Specialty Distribution,5831731283,2022-06-09
WBA,Walgreens Boots Alliance Inc. Common Stock,United States,NULL,Consumer Staples,Retail-Drug Stores and Proprietary Stores,36727647689,2022-06-09
WBD,Warner Bros. Discovery Inc. Series A Common Stock,United States,NULL,Telecommunications,Cable & Other Pay Television Services,38962744238,2022-06-09
WDAY,Workday Inc. Class A Common Stock,United States,NULL,Technology,Computer Software: Prepackaged Software,39898320000,2022-06-09
WDC,Western Digital Corporation Common Stock,United States,NULL,Technology,Electronic Components,18110494915,2022-06-09
WEC,WEC Energy Group Inc. Common Stock,United States,NULL,Utilities,Power Generation,32114389601,2022-06-09
WFC,Wells Fargo & Company Common Stock,United States,NULL,Finance,Major Banks,166472270513,2022-06-09
WM,Waste Management Inc. Common Stock,United States,NULL,Utilities,Environmental Services,64622821371,2022-06-09
WMB,Williams Companies Inc. (The) Common Stock,United States,NULL,Utilities,Natural Gas Distribution,43738796592,2022-06-09
WMT,Walmart Inc. Common Stock,United States,NULL,Consumer Discretionary,Department/Specialty Retail Stores,335892577792,2022-06-09
WSM,Williams-Sonoma Inc. Common Stock (DE),United States,NULL,Consumer Discretionary,Other Specialty Stores,8807854848,2022-06-09
WWE,World Wrestling Entertainment Inc. Class A Common Stock,United States,NULL,Consumer Discretionary,Movies/Entertainment,5007146391,2022-06-09
WYNN,Wynn Resorts Limited Common stock,United States,2002,Consumer Discretionary,Hotels/Resorts,7725584969,2022-06-09
X,United States Steel Corporation Common Stock,United States,NULL,Industrials,Steel/Iron Ore,6042821571,2022-06-09
XEL,Xcel Energy Inc. Common Stock,United States,NULL,Utilities,Power Generation,39721564002,2022-06-09
XOM,Exxon Mobil Corporation Common Stock,United States,NULL,Energy,Oil & Gas Production,439079160013,2022-06-09
XPEV,XPeng Inc. American depositary shares each representing two Class A ordinary shares,China,2020,Consumer Discretionary,Auto Manufacturing,22150676619,2022-06-09
Y,Alleghany Corporation Common Stock,United States,NULL,Finance,Property-Casualty Insurers,11228911329,2022-06-09
YMM,Full Truck Alliance Co. Ltd. American Depositary Shares (each representing 20 Class A Ordinary Shares),NULL,2021,NULL,NULL,9066717873,2022-06-09
YUMC,Yum China Holdings Inc. Common Stock,United States,2016,Consumer Discretionary,Restaurants,18157327147,2022-06-09
Z,Zillow Group Inc. Class C Capital Stock,United States,NULL,Consumer Discretionary,Business Services,9187220039,2022-06-09
ZBRA,Zebra Technologies Corporation Class A Common Stock,United States,1991,Technology,Computer peripheral equipment,16869541785,2022-06-09
ZEN,Zendesk Inc. Common Stock,NULL,2014,Technology,EDP Services,8820668965,2022-06-09
ZI,ZoomInfo Technologies Inc Common Stock,United States,2020,Technology,Computer Software: Prepackaged Software,15240176093,2022-06-09
ZIM,ZIM Integrated Shipping Services Ltd. Ordinary Shares,NULL,2021,Consumer Discretionary,Marine Transportation,6326004326,2022-06-09
ZM,Zoom Video Communications Inc. Class A Common Stock,United States,2019,Technology,Computer Software: Prepackaged Software,33337760197,2022-06-09
ZS,Zscaler Inc. Common Stock,United States,2018,Technology,EDP Services,23073095849,2022-06-09
ZTS,Zoetis Inc. Class A Common Stock,United States,2013,Health Care,Biotechnology: Pharmaceutical Preparations,80053934216,2022-06-09
^SP500-15,NULL,NULL,NULL,Basic Materials,NULL,NULL,NULL
^SP500-25,NULL,NULL,NULL,Consumer Discretionary,NULL,NULL,NULL
^SP500-30,NULL,NULL,NULL,Consumer Staples,NULL,NULL,NULL
SPY,S&P 500 ETF,NULL,NULL,NULL,NULL,NULL,NULL
^SP500-40,NULL,NULL,NULL,Finance,NULL,NULL,NULL
^SP500-35,NULL,NULL,NULL,Health Care,NULL,NULL,NULL
^SP500-20,NULL,NULL,NULL,Industrials,NULL,NULL,NULL
^SP500-60,NULL,NULL,NULL,Real Estate,NULL,NULL,NULL
^SP500-45,NULL,NULL,NULL,Technology,NULL,NULL,NULL
^SP500-50,NULL,NULL,NULL,Telecommunications,NULL,NULL,NULL
^SP500-55,NULL,NULL,NULL,Utilities,NULL,NULL,NULL
